biofilm,61
pml,58
srsf7,56
s309,42
skewness,40
sarco,36
jbp3,35
pnuts,33
restricta,32
bspc,32
tim,31
atp1a1,31
tatouage,31
pce,29
ifi6,29
crm,28
rosavirus,28
mamif,27
birar118g,27
nbs,26
wdr82,25
elp,24
hcd81,24
ketamine,24
xkb,23
ul36,23
trim,22
wkh,22
g64s,22
trims,22
jgt,22
cfr,21
nsp1a,21
cenp,21
harmonic,21
pmal,21
lws,21
lipin1,21
myelin,20
ev7,20
trpv1,20
ape,20
crossalign,20
upd,20
iyong,20
wbv,20
ccr5,19
mtf1,19
dihydropyrimidinase,19
rnaemia,19
mtz,19
usp17,19
pga,18
repa,18
atgus,18
prdez,18
ofscs,18
stmv,18
tp5,18
rpa,17
een,17
diub,17
adam17,17
g6pd,17
blv,17
opn,17
pq,17
kdke,17
opa1,17
100nm,17
actinin,17
caga,17
aptb,17
am2,17
pbvs,16
cam,16
clarithromycin,16
drones,16
akap7,16
pi3v,16
ahds,16
stifler,16
dqg,16
fenofibrate,16
rdev,16
nans,16
amifn,16
pedvpt,16
icgn,16
simulations,15
casei,15
bosque,15
tm,15
pev,15
nb,15
aki,15
seds,15
cpv,15
hvs,15
silvestrol,15
tbtv,15
ssi,15
hcvcp,15
crystallin,15
shlh,15
nxf1,15
f1000,15
pfv,15
ncprof,15
cateter,15
wymv,15
muc1,15
oit,15
thermolysin,15
vpr,15
prom,15
tpgs,15
ama1,15
lof,15
palapag,15
vecsc,15
bnev,15
ttds,15
shinagawa,15
trim62,15
serms,15
ibv,14
uspio,14
rv,14
pilgrims,14
meme,14
ica,14
lel,14
cyp40,14
ppp,14
astv,14
imiquimod,14
2575,14
padmanabhan,14
dhn,14
tigecycline,14
pitx2,14
hscarg,14
antler,14
bbfe,14
r4,14
cspg,14
ignorant,14
lius,14
zodiac,14
caap,14
lbw,14
phytase,14
adk,14
bovoculi,14
dusp1,14
losp,14
lsm11,14
dpap,14
bikes,14
dmy,14
reff,14
tiotropium,14
nsl,14
psav,14
ctsw,14
izn,14
urines,14
surfactant,13
ndiv,13
planktonic,13
dam,13
b2m,13
ifi27l2a,13
sox,13
ifng,13
hsv1,13
modrna,13
onfh,13
vrcs,13
ifit1,13
amphiregulin,13
xist,13
rgs,13
dmgf,13
hbz,13
pip,13
armp,13
batfluav,13
3cpro,13
nme,13
virmugens,13
femv,13
profilin,13
fls,13
pitcher,13
oatp1b3,13
plau,13
pkdl,13
nevs,13
entresto,13
mopv,13
cbrn,13
map19,13
adks,13
phosphoprot,13
cgvhd,13
yc2014,13
pedf,13
ppgalnac,13
consensomes,13
mepvc,13
hermitian,13
fkbp52,13
sav3,13
fmopv,13
hcle,13
r78,13
pvan,13
leachate,13
hljby,13
elr1,13
cxcl14,13
previ,13
isola,13
camp,12
tgev,12
hbv,12
tat,12
chacra,12
panning,12
hajj,12
spag9,12
fcv,12
irg1,12
vp40,12
xp,12
ifr,12
aviation,12
hpv16,12
mevs,12
itemsets,12
rpo41,12
allo,12
19f,12
shp,12
sociology,12
inhomogeneous,12
dmab,12
inequality,12
ph1n1,12
pigments,12
mrv40,12
pemf,12
cpmps,12
npd,12
ribv,12
michiganensis,12
bmem,12
sapn,12
ppg612,12
ctb,12
jz,12
rsi,12
masp,12
rg3,12
anoikis,12
ngps,12
cag7,12
mscs,12
csl,12
hepn,12
vcr,12
vaca,12
rinitis,12
tslp,12
tdl,12
itch,12
hserca2a,12
ppmo,12
desmethylicaritin,12
orphanage,12
cpgs,12
modelos,12
oatp1b1,12
qdots,12
pahs,12
zlwk,12
ccsp1,12
tkr,12
cc10,12
m847,12
epo,12
ifi44,12
cire,12
3hp,12
cbf1,12
2h6,12
ilov,12
ttsuv2,12
lpa,12
csf1,12
suv,12
bigg,12
kyna,12
kat2,12
zorginfecties,12
bank1,12
rv0888,12
hcdna,12
fujinaga,12
hfabp,12
pyats,12
hfnco,12
fic5,12
qcdc,12
porokeratosis,12
bcc,12
nvac,12
gsdma3,12
mdrv,12
cc,11
los,11
rptec,11
formation,11
calves,11
scvme,11
sam,11
ab,11
npcs,11
ifitm1,11
chloroplast,11
itz,11
nsp1,11
sl1,11
crd,11
cms,11
lc16m8,11
enclomiphene,11
cpvs,11
rabv,11
rtx,11
ikks,11
drak2,11
alprostadil,11
mkk3,11
fat1,11
hunov,11
ephrin,11
ak,11
pullorum,11
ngf,11
3d8scfv,11
mrv40l,11
smarca2,11
biochar,11
pprv,11
nmi,11
dni,11
kiom,11
hfnc,11
sdc,11
hesitation,11
hea,11
lrf,11
islets,11
lw,11
gme,11
cd301,11
lmts,11
mgl,11
cfli,11
gloving,11
iaps,11
afcm,11
hzp3,11
fa9,11
pyr,11
foxm1,11
nudix,11
p2y,11
lariciresinol,11
lyp,11
pbca,11
kakkonto,11
odr,11
lapase,11
eehv,11
mga,11
osd,11
mscl,11
japha,11
cag12,11
polyq,11
fez1,11
feifn,11
tfs,11
cd16a,11
r93,11
cspgs,11
musk,11
atmuv,11
n63y,11
c003,11
lss,11
rvls,11
k4,11
cd157,11
prins,11
dmba,11
vdna,11
rosaceae,11
rradt,11
rpiseq,11
sussenbach,11
chry,11
kinetoplastids,11
vgg,11
oshima,11
orthoquin,11
lvb,11
753004,11
peis,11
bach1,11
cbdvg,11
gte,11
ccfrnas,11
compositae,11
prohnp1,11
pgar,11
fpies,11
gno,11
cdc2s,11
ci,10
zinc,10
pancreatic,10
cirdc,10
stat1,10
taqman,10
bcg,10
akute,10
des,10
purma,10
orf2,10
les,10
rad,10
hfmd,10
rad5,10
icis,10
upr,10
papn,10
ann,10
rvfv,10
plt,10
23s,10
oe,10
muscle,10
aps,10
cpg,10
ifitm,10
osteonecrosis,10
ipf,10
ttmv,10
gvn,10
3xtg,10
ns5,10
leptospira,10
moc,10
denv2,10
ripk1,10
99m,10
ken,10
bncs,10
asc,10
mtic,10
eiav,10
fibronectin,10
typhi,10
medetomidine,10
ifit5,10
f31,10
prp,10
fcrn,10
pirb,10
nhc,10
osteoclast,10
prds,10
erc,10
gexp,10
mrv40s,10
outsourcing,10
psilencer,10
eif4a,10
epf,10
ercc1,10
mdi,10
imha,10
ccb,10
nadl,10
ecl,10
spt,10
qki,10
ccr1,10
orns,10
gmca,10
tbx2,10
vics,10
bieneusi,10
oryx,10
emetine,10
cish,10
lycopene,10
pgy,10
hace1,10
tsutsugamushi,10
nvhap,10
pecking,10
ui,10
marylation,10
financement,10
falcipain,10
befv,10
swl,10
bzip60,10
seb,10
enteroids,10
dcl,10
dia,10
trach,10
ane,10
acgme,10
bsep,10
tp1,10
tp2,10
gldc,10
gm2,10
cgrp,10
exoskeleton,10
rhifitm3,10
laiv,10
glucopyranuronosyl,10
t7g10,10
dux4,10
u7,10
hyhqw,10
lav,10
dendou,10
foetale,10
wenxiang,10
rgst,10
sns,10
shapu,10
ctsi,10
iabp,10
p100c4,10
sgta,10
tsf,10
surfactin,10
smes,10
rhtrs1,10
benserazide,10
mphi,10
paraphasias,10
hernias,10
penk,10
ucbt,10
mjltl2,10
c052,10
foscc,10
ttsuv1,10
n041,10
shv,10
bagv,10
ebna3c,10
evw,10
diapause,10
hpyv6,10
hepis,10
677021,10
pdac,10
2sbs,10
ded1p,10
thv,10
vigilancia,10
ntz,10
zbtrim25,10
enr,10
pieniazek,10
ectrim13,10
carborane,10
srnase,10
nfv,10
c552,10
strem,10
gtpv,10
cssa,10
ttf,10
92t,10
sya,10
1502,10
hiltonol,10
cbdvgs,10
srb,10
gusqs1,10
hsmpd,10
eic,10
olefinic,10
mnmc,10
c3n4,10
maoto,10
tba,10
gp73,10
ringworm,10
